Python MLSA,Commit ID,IsML,Bug Fix Type,Has TD,TD Name,,,,
Tpot,c36c13fc7eae08441a6c8eb059e2e7c58fc530ff,0,,0,,,,,
Tpot,e2eb3e7ed8047a59556c08244c9e7a82a33343bb,0,,0,,,,,
Tpot,a0836f59a732e531cf9e24ad2a813036b677531a,1,Fix value update,1,Configuration debt,,,,
Tpot,867244238f375d48150cdc861513de2d7cbefb26,0,,0,,,,,
Tpot,51cf0cd00f919fa01712b5c0e258557fcf556920,0,,0,,,,,
Tpot,f3d9477dee83f1bcf39bbf1f7efeb1ea442e40ab,0,,0,,,,,
Tpot,d1d10a05896e640dc4b6be99cdcff52e7ee006b6,0,,0,,,,,
Tpot,e058f3d8231928ba0d7a5ebe4ca8faf604adf33a,0,,0,,,,,
Tpot,ac595dc8bde67c2ece61c723ff7cd05db14adb6f,1,Fix value update,1,Configuration debt,,,,
Tpot,5620a7021632ceef90df8204df61ad456ca6aa27,1,Fix value update,1,Configuration debt,,,,
Tpot,0ab737f5ece1b818670902e09127b6b3be8421a7,0,,0,,,,,
Tpot,814a3a23e0aad442be789a68ceae596d26a963e0,0,,0,,,,,
Tpot,db54137efb8d92d328f7419bd435ff18c02448f2,0,,0,,,,,
Tpot,a6b58fb2bea1a01308fead13d0cfb6cc05672a37,1,Fix conditionals,1,Data preprocessing,,,,
Tpot,b119d82e1147f4469be4e26a4f68130f5ee487ec,1,Fix value update,0,,,,,
Tpot,c2f7e9e7059150ad028cc1fcc2b5d06b7925313b,0,,0,,,,,
Tpot,568f55db4e37ae0b791535f17912c0e82403ec51,1,Fix conditionals,1,Configuration debt,,,,
Tpot,9b8355fff35827ea2b15c2294830c06599de2129,1,Fix value update,1,Validation calculation,,,,
Tpot,e2dd67d82677fa5a630087399cd0d44444a3c025,1,Fix conditionals,1,Training code update,,,,
Tpot,2464f822d3b9c432e4de4d96136f0addc77861a9,0,,0,,,,,
Texar,f14545b290dc58186dcdfd915bd2ff40c9316bcc,1,Fix value update,1,Configuration debt,,,,
Texar,e9d94ff87f957b37a7dfe37b0013beedea6acb3d,1,Fix Model setup,1,Data preprocessing,,,,
Texar,4a046f02b7e5fd37a9ed4f7f51a6f55e01d1b737,0,,0,,,,,
Texar,f7900df34f14144ae13c1e27bbe39d3d84887f87,0,,0,,,,,
Texar,429183fdc75536dc6fd0adaaeb080eb8b3385b19,1,Fix calculation,1,Validation calculation,,,,
Texar,eb0434ca3c89686daf453e182c696e118a3698f1,1,Fix value update,1,Hyper parameter tuning,,,,
Texar,46eef1fbb858eb74dd6c7c0b8e0f8ada26d16c3b,0,,0,,,,,
Texar,1278eb09ff3daa376df0447e14afa4dc0f099ac4,1,Fix default value,1,Monitoring and testing,,,,
Texar,30a9b111c020f1e52487aa4a7a662f2826c0ccc0,1,Fix Model setup,1,Hyper parameter tuning,,,,
Texar,3f7194d4112eda9881f17c0cdfffcadc7be9ded4,1,Fix Model setup,1,Data preprocessing,,,,
Texar,fc976e237af7c2399b27b10b8a2ff3b67724b757,1,Fix conditionals,1,Data preprocessing,,,,
Texar,04a0c88b9c29c609f84e6bac333318a79d921bc0,1,Fix value update,1,Configuration debt,,,,
Texar,a67628c22372bcb8e26f6c920e4331fb66fb2565,0,,0,,,,,
Torchnlp,893512791a92bb332ee300612a1a152ed765368d,0,,0,,,,,
Torchnlp,34edeba51db7e6c265856eabd345eef506c4d670,0,,0,,,,,
Gentun,b85c7efd9675414a8f67cb47163802224f841a2e,1,Fix Model setup,1,Hyper parameter tuning,,,,
AstroML,30749fa62695c0ef0f61a9a8eec26967a5938e79,1,Fix library issue,1,Version Incompatibility,,,,
AstroML,f388923837f92a9de81b97898eadde495353331b,1,Fix library issue,1,Version Incompatibility,,,,
Chainercv,b77602350601018efc6fafa594601710e145e5b7,1,Fix value update,1,Training code update,,,,
Chainercv,e0f6744c9e17e0a28e4e2052b7a754875fc82f0b,1,Fix calculation,1,Validation calculation,,,,
Chainercv,3f841aa1a5b720a4e092661654196296e28b723c,1,Fix calculation,0,,,,,
OpenNMT-py,327f94674731f611e2c2da5928dd4621f8e81619,1,Fix initialization,1,Configuration debt,,,,
OpenNMT-py,17feb203e25887ea090f802241541445401dab6b,1,Fix DataType,1,Data type inconsistency,,,,
OpenNMT-py,c7181f91d4624de5b2944e7f4cce408044d46a0a,1,Fix conditionals,0,,,,,
OpenNMT-py,fda1e120f9dbd1f35a0136455bb74053cd134091,1,Fix DataType,1,Configuration debt,,,,
OpenNMT-py,f2e10e3e6cea210a7b2fb7b21cacfae148e66bbc,0,,0,,,,,
OpenNMT-py,4a41e45cbd9e90f7b38d171f1594db5ce74f461c,1,Fix Model setup,1,Pipeline Organization,,,,
MatchZoo,d270949516fc5cb7eb9888a285fd566f609cca5e,1,Fix conditionals,1,Monitoring and Testing,,,,
MatchZoo,7e270c04b693fedcf7bc3a99462764e85857fd3c,1,Fix value update,1,Data preprocessing,,,,
MatchZoo,f5ffc562c92cc62e24556aaa3e714e2836c18cc3,1,Fix DataType,1,Data type inconsistency,,,,
MatchZoo,6cfb546b56638f8f065f62d8b7d268267c1ab92b,1,Fix DataType,1,Data type inconsistency,,,,
MatchZoo,128c1347f0e4992f94788337d399373d6d2df20d,1,Fix Model setup,1,Hyper parameter tuning,,,,
MatchZoo,dea1891805027ea91cfe699ab926e64846576718,1,Fix data processing ,1,Data preprocessing,,,,
MatchZoo,208fbb75000d80f33d567972ab623a966d82b4d8,1,Fix Model setup,1,Hyper parameter tuning,,,,
Catalyst,c5977e096cd477899c0575ca6660ef5df9dc9870,0,,0,,,,,
Catalyst,496f3c41b29c491f4b7f5e21f36444aee9d8e552,1,Fix calculation,1,Fixed Thresholds in Dynamic Systems,,,,
Catalyst,cb95f36359c5001418d0c5961b369819df1693dd,0,,0,,,,,
Catalyst,657aeca432c5f8f4fc57c5e901c82e1cecabbca6,0,,0,,,,,
Catalyst,0f0a7b0d7a8a66f24e92f0c31ca457d6bcd9d275,1,Fix calculation,1,Hyper parameter tuning,,,,
Catalyst,659455f12e06a5ee15f6a4f5b9a76daee1b97937,0,,0,,,,,
Catalyst,c75e3d7093e8049850e83ca836daecf3d9f189ce,1,Fix DataType,1,Data type inconsistency,,,,
DeepVariant,bf5a1a902f7b02efc85f427f926c465f466667c0,1,Fix calculation,1,Hyper parameter tuning,,,,
DeepVariant,25d024f957cc5e4fc187b86fa5e7df96c9b992f5,0,,0,,,,,
DeepVariant,b9c115b56954d11618a58affd11f1ff3eac96bbd,1,Fix conditionals,1,Configuration debt,,,,
Horovod,459b67df38f9254b3d12cb7df6a49059e3134479,0,,0,,,,,
Horovod,6645749fe9a7f328ed683639f9111c08ad34bb2b,0,,0,,,,,
Horovod,c66b9f0d298d93bd22f308ba16837d81b876d48e,1,Fix value update,1,Version Incompatibility,,,,
Horovod,a860d5ee4790ef8207558e2e4b806544cb61bdab,1,Fix data processing ,1,Data preprocessing,,,,
Horovod,a0ac2adb1ab8c0e5cc8d03a3139da8f18c2b6d9c,0,,0,,,,,
Horovod,8773a0cb944af241e9d623287f67fcdf04021dd3,1,Fix default value,1,Configuration debt,,,,
Horovod,ff745402e33cc92e9507bc643fbedc0467c4ef8b,1,Fix conditionals,1,Configuration debt,,,,
Luminoth,e6870905f26095a882892607eb735ce6970ea41a,1,Fix calculation,1,Configuration debt,,,,
Luminoth,8544f4b97c4b957c10db5b9c95a1297111e19fcc,1,Fix value update,1,Data preprocessing,,,,
Luminoth,4b81238ece406f4692707f616db6a3594e0078ec,0,,0,,,,,
Luminoth,0821606f1ca3245af957c527ffd6e7edc222ade1,1,Fix Model setup,1,Data preprocessing,,,,
Luminoth,d887c5a7eb4074d5a5044844374f316b79b4a3f6,1,Fix implementation,0,,,,,
Luminoth,bd67584138adba2fbcce55c331e5e0d60153862c,1,Fix conditionals,1,Fixed Thresholds in Dynamic Systems,,,,
Luminoth,1bfd3a4aa885a8ee6eb295998a6292ef09360f9b,1,Fix Model setup,1,Data preprocessing,,,,
Luminoth,618f2a76924b03646dff2bc3b1e4ab7065bc735e,1,Fix value update,1,Validation calculation,,,,
Luminoth,4b0479429c60db332fc6f8fdeb6c21682b6b7195,1,Fix exception,1,Data preprocessing,,,,
Open_seq2seq,5468950c5760554c1965a5f2a35a160beff3af61,1,Fix estimation,1,Model Code Styling,,,,
Open_seq2seq,608260285e83b347e04e922003468588443a9e5c,1,Fix default value,1,Configuration debt,,,,
Open_seq2seq,96fd996d9b33aa98dbbbd86979b839bb89f6d7a3,1,Fix Model setup,1,Validation calculation,,,,
Open_seq2seq,381315a468404a493556b41f5c042706497e40ef,1,Fix Model setup,1,Validation calculation,,,,
Open_seq2seq,37ce9fa041d60bba7a5d9119aa3643f160dd762d,1,Fix conditionals,1,Validation calculation,,,,
Open_seq2seq,d91954c0738de58982231391162623ef6131619f,1,Fix exception,1,Model code comprehension,,,,
Open_seq2seq,82f5ea78cf438931aacce2749e533e384b34ae62,0,,0,,,,,
Open_seq2seq,e3b7b02561d003eae7ca7c5cc117af40873b23e8,1,Fix conditionals,1,Training code update,,,,
Open_seq2seq,36a363ee47e0885fde4e4254ae02207f89eaa23b,0,,0,,,,,
Open_seq2seq,870807ea093dc1b29fe27372156b24b617aa8317,1,Fix functions,1,Validation calculation,,,,
Open_seq2seq,0669bd98a7126de321a876020189d014f4a5c4bd,1,Fix conditionals,1,Validation calculation,,,,
Open_seq2seq,681c5f7d8e17b6aa093e912d839ae193a30a835c,0,,0,,,,,
Open_seq2seq,c8d9f171322858bc8a7e32d19d141f21c3263646,1,Fix DataType,1,Data type inconsistency,,,,
Open_seq2seq,7a68b94dc52a1107364fd91777986a4e5f217277,1,Fix data processing ,1,Data preprocessing,,,,
Open_seq2seq,f8d10d87130d42a6ac582c08a0b07a2616f4ad84,1,Fix DataType,1,Data type inconsistency,,,,
Bert as service,0af03d5de15ea20e1a3f060e543df99de8266a2e,1,Fix value update,1,Configuration debt,,,,
Bert as service,8013b6290c9a9c4a3ca9f9e20321747c73758f14,0,,0,,,,,
Bert as service,f7382803541b82d08d0448b9d590294b4a0b05ea,0,,0,,,,,
Bert as service,1f0eeebf8c0c6475cc1ca2b926b28e4ab9a52704,0,,0,,,,,
Bert as service,b1153912067e901e67620210d5c7e80fd33b2e15,0,,0,,,,,
Bert as service,b3ed78dcb3b573158db593e6d46d831ddb1e07a5,0,,0,,,,,
Bert as service,7f3b2b43ff61dc6215364b32dbbbaaad66ed593c,0,,0,,,,,
Bert as service,a5cdcae5894a954c5276719779265d0e5a62e88e,0,,0,,,,,
Bert as service,979662418405bc39e02e3856ed1aae77bde40a67,0,,0,,,,,
Bert as service,8cd955dfae57756f8c8e683b6367bcee759a0b80,0,,0,,,,,
Bert as service,07318b6f193745c75467170413229f57893125c6,0,,0,,,,,
Bert as service,8ec980a90a32a78a27ceed6f419511029648b5b4,0,,0,,,,,
Bert as service,167793828f891908272bc47d9e81c3812333c7f2,0,,0,,,,,
Bert as service,346445f0b3d9669ad20ecc320183dcb5537a25a7,0,,0,,,,,
Bert as service,502c8d22251021ecfb9b9d71c4ff8415ee3e73d7,0,,0,,,,,f
Bert as service,970f9340ad8fba3df4ceaab6c19864768217de6f,0,,0,,,,,
ML-Agents,40365ded71c5bf94c79c7b94e75fe52623935261,0,,0,,,,,
ML-Agents,41a1bfd261f23f5559f850a6eb3daeca81d09eb9,1,Fix conditionals,0,,,,,
ML-Agents,3a36e03236fe32055ce229dc1b076aeefd1bb8f0,1,Fix DataType,1,Data type inconsistency,,,,
ML-Agents,55147a68491fb52b80c2050d1f10555281154b2e,1,Fix exception,1,Unstable Code,,,,
ML-Agents,ea60bc9089daa6064763463931ef6b4843d2ac4c,1,Fix initialization,1,Configuration debt,,,,
ML-Agents,130d6113ecc426748623394b56cafc81d7facd60,0,,0,,,,,
ML-Agents,ec0710ccd0e8b2ade6f4fa00435bb2a65f102c91,1,Fix value update,1,Validation calculation,,,,
ML-Agents,8a335172a60c08ababb0d22ad8e02afb9bc5657c,0,,0,,,,,
ML-Agents,d907223eb9ab7fdab644774131dfa8788236edee,0,,0,,,,,
ML-Agents,b05d8289801c6160a31c15ad702bac5dbd4b3e1a,1,Fix Model setup,1,Configuration debt,,,,
ML-Agents,febf287c111a0bbf37dc38651e416baf70e94189,1,Fix value update,1,Hyper parameter tuning,,,,
ML-Agents,063849cc43435f455e7be3a161903b3dc853f46a,1,Fix value update,1,Hyper parameter tuning,,,,
ML-Agents,0a2a0958e9a58233902b59f203f48b1ff4020aa0,1,Fix conditionals,1,Unstable Code,,,,
ML-Agents,a4a538c4d8ecd5b94a8e98133ef3e912e4d00aaf,0,,0,,,,,
ML-Agents,993f822bb9fff271c2d3cc7e334620b1b0cc2da4,0,,0,,,,,
ML-Agents,035958f0117dbd38859805a0aaaabe10549374fd,1,Fix conditionals,1,Hyper parameter tuning,,,,
ML-Agents,df3626ca34f20474a48e13ff52ca4f22866dce31,0,,0,,,,,
ML-Agents,5e9b49452930f1f5ccfef4edf1f49b8a25042c82,0,,0,,,,,
ML-Agents,707730256a6797336ba749f05f7dbf10dadd8126,1,Fix value update,1,Training code update,,,,
ML-Agents,0f0379e264acf6fb80d5c268d2dfd293c541bb48,1,Fix conditionals,1,Training code update,,,,
NiftyNet,e28b81be539ed008b6111656b2db0507e0e64362,1,Fix Model setup,1,Configuration debt,,,,
NiftyNet,b5c0c001b698c0ab1afa0757fdfea014bfaa2fbe,1,Fix Model setup,1,Hyper parameter tuning,,,,
NiftyNet,8de56fbb9484e3c054f0939b0993e3397b23289f,1,Fix calculation,1,Data preprocessingdebt,,,,
NiftyNet,3c55640a6c9648269d3ec83493c6980901afdcf4,0,,0,,,,,
NiftyNet,2bca7f3cb86242c9c03ebbd318ea739065f0f1cf,1,Fix value update,1,Data preprocessing,,,,
NiftyNet,0584aff1e140e92b2530c37642c3b7739629dc88,1,Fix conditionals,1,Data preprocessing,,,,
NiftyNet,d7cfa164283cead7812f3e333f72c4215b182ed3,0,,0,,,,,
NiftyNet,d8c6f621ebb4f7d73564a62cab8f7a9b5761dd8e,1,Fix Model setup,1,Data preprocessing,,,,
NiftyNet,c8cbf41377e1f548f32ba0cd2f287ea4574788f8,0,,0,,,,,
NiftyNet,82f885676d377130cd8e8b83d768d1af42a48584,1,Fix value update,1,Configuration debt,,,,
NiftyNet,68a98a9da28a6c629af6a5707e8827fb9d799d3c,1,Fix library issue,1,Version Incompatibility,,,,
NiftyNet,efc28830d062803cf525ce8c23f66cad520761cc,1,Fix conditionals,1,Model code comprehension,,,,
NiftyNet,24c08490cb11836e3d77a4ff15ee49ebd74fa718,1,Fix value update,1,Configuration debt,,,,
NiftyNet,1d50e36e8a4b413f39f4d39bc3ad544fdb45e069,0,,0,,,,,
NiftyNet,ef971bd89fba40edfe60f771397f5f2477eb5ac4,1,Fix calculation,1,Validation calculation,,,,
NiftyNet,09b3ec1cef679512130fa5bdd9c1f4f6b936ad89,1,Fix calculation,1,Validation calculation,,,,
NiftyNet,a63d39137d05b574e4b77f8492c87f1d280d1b74,1,Fix exception,1,Validation calculation,,,,
NiftyNet,55f8f9b8feef9717c58980a811a04e801350b450,1,Fix Model setup,1,Configuration debt,,,,
NiftyNet,38772b012938b44452c6fe700eb1ca74eab563d1,0,,0,,,,,
NiftyNet,07ce8d4ef8d70bb403edb19cf1b110048a1c76c4,1,Fix conditionals,1,Configuration debt,,,,
DeepPavlov,67b92045dd0887239e6c1b9ab8dffb3fe8e68e69,1,Fix conditionals,1,Configuration debt,,,,
DeepPavlov,880c3f3e2ae7c361f7475a3dfcdf352df71239ca,1,Fix Model setup,1,Pipeline Organization,,,,
DeepPavlov,97e131f8ddee8c501cae2f8cda4f887a49c07312,1,Fix value update,1,Hyper parameter tuning,,,,
DeepPavlov,f270f07617008359e32102054673b6df9ef203b6,1,Fix value update,1,Pipeline Organization,,,,
DeepPavlov,d0fa2d7086f7fdf506987c4f28b6139ffb0cd802,0,,0,,,,,
DeepPavlov,6bfd308f2318a932dfa2dbd3b27299cb98fde9a8,0,,0,,,,,
DeepPavlov,da9c11472a4f1bee91291a6d41bd397f6b38571d,1,Fix Model setup,0,,,,,
DeepPavlov,090cd18fb003a7764a05368f8bd78de2fb9e931a,1,Fix functions,1,Validation calculation,,,,
DeepPavlov,cb03fb3cd9d061551b3c20dd5e20e5da7f428265,1,Fix exception,1,Data preprocessing,,,,
DeepPavlov,64f0b66333c8aab98abaf21c2b0f94310e4388b9,0,,0,,,,,
DeepPavlov,92cca3f5c3d21fed6d43f60eb66a1c2415b50e1a,0,,0,,,,,
DeepPavlov,4ca7a87c5a46ef8796a2f77fd7293d85a4fd6004,1,Fix value update,1,Validation calculation,,,,
DeepPavlov,0c0077e6d3d9a52de47930377ce06ad4baa3971a,1,Fix initialization,1,Configuration debt,,,,
DeepPavlov,ff8468ff70c552358fae5381d0c3b2840c3b2578,1,Fix initialization,1,Configuration debt,,,,
DeepPavlov,07de758e3a477f82cd3fbb64b5c140aa6b748b73,0,,0,,,,,
DeepPavlov,aa5e08a5f01cdf8fe98d6fceb0758fe3c60f0092,1,Fix initialization,1,Configuration debt,,,,
DeepPavlov,bc536de60bfb2b448446efbb527a9bdc2a90ab4e,1,Fix exception,1,Data preprocessing,,,,
DeepPavlov,d1ec6dedc1d1d67a485214d1b1b1836943b56cc7,0,,0,,,,,
DeepPavlov,61554842dd650f45b2d53daf4047d59530c2e173,1,Fix initialization,1,Configuration debt,,,,
DeepPavlov,61554842dd650f45b2d53daf4047d59530c2e173,0,,0,,,,,
DeepPavlov,fedb52ad6aedcc5086e3b08dcfbaa826a93d46be,0,,0,,,,,
DeepPavlov,c68f0283ce20c8f30edbc621f8a645f5107a72ca,1,Fix Model setup,1,Configuration debt,,,,
DeepPavlov,68c5c0d2d9876a28d3a38493dadbe2c623938e55,1,Fix value update,1,Data type inconsistency,,,,
DeepPavlov,b68b3e8e04f44d0ef72b459b68f6fc48ce875a68,0,,0,,,,,
DeepPavlov,955751dae23700356c3f7dcf0dc9e24c185dce63,0,,0,,,,,
DeepPavlov,192c19eb279b67eb132eab6500bc19b88f30d156,1,Fix value update,1,Data preprocessing,,,,
DeepPavlov,7a43e1a9b6690fc68e284cd59027019f97c53629,1,Fix exception,1,Data preprocessing,,,,
DeepPavlov,707a9f8d6a4e395ab08611956a3811342ea4a998,1,Fix conditionals,1,Validation calculation,,,,
DeepPavlov,29ead6dd48c9e7cee19672c9eb51b1f63b54cb6f,0,,0,,,,,
TensorPack,11a9650fec838d033bc01a23264381604f5ed08f,0,,0,,,,,
TensorPack,545fc70979b2876fac44cf3fc88139a0da76f07d,1,Fix exception,1,Model code comprehension,,,,
TensorPack,c223f22318bf31a75bc655307d3765d2a0264443,0,,0,,,,,
TensorPack,23c361862808974a55a31a208955bc71811f2b3a,0,,0,,,,,
TensorPack,e0cd3cdb8dd22c2cb2134865dd5ed4386b35a5f9,0,,0,,,,,
TensorPack,f18314d628f692e7dce3413fa0569c178e140df2,1,Fix validation,0,,,,,
TensorPack,6af22cddb51edbcf93740ba82acff9253f32015b,1,Fix Model setup,1,Model code comprehension,,,,
TensorPack,f2b0f1be7eece947ac5259cd35d1b155117a9ea4,1,Fix functions,0,,,,,
TensorPack,5b681a95f141c7e2d37114a577d05cc73c33b7c9,1,Fix calculation,1,Hyper parameter tuning,,,,
TensorPack,fa2f223a072e71ec7c9ad55699439e8f0963af29,1,Fix value update,1,Data preprocessingdebt,,,,
TensorPack,52d2677fa7adc34b2a7b64bd1d2cc60f2a654ad7,0,,0,,,,,
TensorPack,7315d2ccce0222aca7734dd092142beb1be469a7,1,Fix functions,1,Hyper parameter tuning,,,,
TensorPack,3c14ff66314f70a337e876b505d2066f5fbb050b,1,Fix DataType,1,Data type inconsistency,,,,
TensorPack,36d73304bb15ee47ddbce95996c13ec98c11d236,0,,0,,,,,
TensorPack,cc2f9c127b20f6e4727891960be6aa122c44cbdc,0,,0,,,,,
TensorPack,ff4604918f752eef3c8b484b8eb5d3810a73a464,1,Fix conditionals,0,,,,,
TensorPack,eb25cd7f0b142d1d8e4ceba0207785858debb6ba,1,Fix Model setup,1,Configuration debt,,,,
TensorPack,9f6b58d547c74e61422bf0a3f99565009b2dc500,0,,0,,,,,
TensorPack,f5ba2692e7d61690fa5ff5015cfbf4f74bf1d458,1,Fix functions,0,,,,,
TensorPack,9bbdf94da8be9976725fb131bfb5c9f5523b25ac,1,Fix default value,1,Configuration debt,,,,
TensorPack,13e0ec397338985dfba03f0d759316cb5e3c680a,1,Fix data processing ,1,Data preprocessing,,,,
TensorPack,34357e7774bb0e128ff5043b7ae2398b5a3976bc,0,,0,,,,,
TensorPack,2a1af832ba1582b41377a4ce9694c61e39707218,1,Fix functions,1,Hyper parameter tuning,,,,
TensorPack,d6db7efa268201081600078577ad8ae1e02c386d,0,,0,,,,,
TensorPack,1097672bb351ab20c527c5b94aedb5c10f8c4f97,1,Fix conditionals,1,Configuration debt,,,,
TensorPack,118aae663c7d1749e0a8bcbf039947900762867c,0,,0,,,,,
TensorPack,c8028236d8e061eb23da98770761370acfe76bce,0,,0,,,,,
TensorPack,52d2677fa7adc34b2a7b64bd1d2cc60f2a654ad7,0,,0,,,,,
TensorPack,ba96595418913b1de650b16b6541847f200c1763,1,Fix DataType,1,Data type inconsistency,,,,
TensorPack,b2ac1dae529f0c3a9c6f3c4601bd1aee0bbbd507,1,Fix Model setup,1,Configuration debt,,,,
TensorPack,93d4efb57a7e5818f5fe69beacaa3b2a26495f15,1,Fix library issue,1,Version Incompatibility,,,,
TensorPack,ac09ed5608ee8c8674bed3a3cbb2559216e7159c,0,,0,,,,,
TensorPack,9c5b3ee1ee887ff970f3387a51121ec87da55609,0,,0,,,,,
TensorPack,162f2db0f7d80648fcc88abd38954123b0a79cac,1,Fix exception,1,Model code comprehension,,,,
TensorPack,05f7ba8fff4b62f5d412167c8b029ea41364f8a9,1,Fix value update,1,Configuration debt,,,,
DeepChem,a188e6f8c5c15ae35279c312c8044516ac8261f3,1,Fix calculation,1,Validation calculation,,,,
DeepChem,31b835fe4e93e7865f111c4bf84782707eb1824d,0,,0,,,,,
DeepChem,e83ad2981ff170411795882ecde5d67d66e4731a,0,,0,,,,,
DeepChem,5d4557299b70af24c2800e098f0457bc8da70701,1,Fix conditionals,1,Parameter estimation,,,,
DeepChem,9511d2edf2179468f34e25492fd12ce87a802d55,1,Fix exception,1,Hyper parameter tuning,,,,
DeepChem,035cf28fe5e8cef968bb7530cfdbdd08d6931125,1,Fix Model setup,1,Validation calculation,,,,
DeepChem,3a8e6babfc426b93ed32094fc0ce4283b851b914,1,Fix exception,1,Unstable Code,,,,
DeepChem,1fadab6e7ddac983f8db840ba4919ad15e53a95e,1,Fix Model setup,1,Validation calculation,,,,
DeepChem,b731912a7ebaa772e498a9906b629aa22bbcfd6c,1,Fix Model setup,1,Data preprocessing,,,,
DeepChem,9ddec96f0c52a80599b7fea0add24c91b7e31055,0,,0,,,,,
DeepChem,cc110392a0fda0768b7d3eb56e6b234ebf115fee,0,,0,,,,,
DeepChem,1aaa7180ed9ebe6bda01140ffc8f3ee54d6b6889,1,Fix Model setup,1,Configuration debt,,,,
DeepChem,016bdfeb50db13a657d1839b55a4824d3e5c993e,0,,0,,,,,
DeepChem,6ceecc9b638ca4f8a18d36a5c1e5cdf4ab8f9f9d,1,Fix value update,0,,,,,
DeepChem,0d2a7d50606ced44af1514b11120ecbe057c8d69,1,Fix exception,1,Model code comprehension,,,,
DeepChem,d064e857c93fa83db0a0c7968129a94faf1bee40,1,Fix calculation,1,Configuration debt,,,,
DeepChem,c4ef2415aee7e965f3122332dbcd33cca7f40a7f,1,Fix Model setup,1,Validation calculation,,,,
DeepChem,3ae09ba59a666fb69ce23bc9f2e4abb9c966f535,0,,0,,,,,
DeepChem,0e6e5070842b12132a58c00d336938ec4328b76f,1,Fix Model setup,1,Validation calculation,,,,
DeepChem,3162ce7830e6fc206e56e60dd8e4c86b4b092336,0,,0,,,,,
DeepChem,174907b648d9d244f412a36cabb6edc35f14fde3,0,,0,,,,,
DeepChem,b245c5964a3f51ea7ae168cbe86a99af0e931e74,1,Fix calculation,1,Validation calculation,,,,
DeepChem,e17ce1a9cbc6df0046cbd745bd896783a3a66439,1,Fix functions,0,,,,,
DeepChem,87e68078d89bd718f81573dc10608fa3ccb06149,1,Fix value update,1,Validation calculation,,,,
DeepChem,80ae734f68bc0e4aa2262069478ee4025467e59b,1,Fix initialization,1,Configuration debt,,,,
DeepChem,545b3701843feb4e2c7c9edc6689201a7750515e,1,Fix estimation,1,Validation calculation,,,,
DeepChem,c80bd43eb04aedf868ea03c5ebebd47e49c81624,1,Fix default value,1,Validation calculation,,,,
DeepChem,8a1ad36ddc77d956106aefe882b6fa04013bfcca,1,Fix calculation,1,Hyper parameter tuning,,,,
DeepChem,dfdcc2702d62b9e5b497591a5698d69bdb5b6e7d,1,Fix exception,1,Unstable Code,,,,
DeepChem,c547856ffbf8b54a0b265686c4c4d6ca8909f382,0,,0,,,,,
DeepChem,03b0c2a35544075643030313bbcde091b4fec3b5,1,Fix Model setup,1,Hyper parameter tuning,,,,
DeepChem,d03f1e229094ae246322d547d3663653b47464c5,1,Fix Model setup,1,Hyper parameter tuning,,,,
DeepChem,9b245369c6f2cac39bb6f9457474824cac18c9b0,1,Fix exception,1,Model code comprehension,,,,
DeepChem,1664886d23ec1bf50869c748babbd066a2f42f7e,0,,0,,,,,
DeepChem,df7a0ca3880be1e62d38d26ada9898ed2d9f4ba1,1,Fix value update,1,Configuration debt,,,,
DeepChem,75d6a01882558496a82175e0885bf40828e409a1,1,Fix value update,1,Validation calculation,,,,
DeepChem,745059ec538bf5be2d10d5cd9cd83a07fc8c2173,1,Fix exception,1,Model code comprehension,,,,
DeepChem,7d5b127937e06ddd24dddba143df7abdc326c50e,1,Fix exception,1,Unstable Code,,,,
DeepChem,3b8bc043e3a3a6c3a93a3524bc6f3a47cd535426,1,Fix Model setup,1,Configuration debt,,,,
DeepChem,50f06e907a293714e4d704de69a7f74eff887099,1,Fix calculation,0,,,,,
DeepChem,7442ccebd9704aca4b0993cc2d25f9e3b4b6420f,1,Fix Model setup,1,Hyper parameter tuning,,,,
Allennlp,35b285585e0677b1025eac1c19b5eefe7e2a70db,1,Fix DataType,1,Data type inconsistency,,,,
Allennlp,19d106e7d0a0b8a5111294d66743515f7f9c0626,0,,0,,,,,
Allennlp,e903018915ee94f50988ee43f8825ba6127cd4ce,0,,0,,,,,
Allennlp,b89ff098372656b674ec71457dda071222fd05ae,1,Fix default value,0,,,,,
Allennlp,2bf0779f5bca2dba1dc8e11376033739f3dcdf52,0,,0,,,,,
Allennlp,2f1f9349e0bd8aba5ef3387b739d95389accae78,1,Fix Model setup,0,,,,,
Allennlp,32defc3b60e97ae171d779482cc4023fecd01bfa,1,Fix initialization,1,Configuration debt,,,,
Allennlp,7bc7d2b006e45ab028bb507bbb9d5e1ae07fcfd0,0,,0,,,,,
Allennlp,7072e4a14217010f0532389c4e9617edc7bac1a2,0,,0,,,,,
Allennlp,ac72c88838a3ba2663d76f6bead3c2f318508d32,1,Fix conditionals,1,Configuration debt,,,,
Allennlp,965188fbb175ca6a0c8b26a448edc65c6a8c26aa,1,Fix Model setup,1,Hyper parameter tuning,,,,
Allennlp,fb14fa7cec62f9f1224a4c6344a246250308c9c5,1,Fix calculation,1,Configuration debt,,,,
Allennlp,f94c03f554917f6fba48efa7da8138c865231577,1,Fix Model setup,1,Configuration debt,,,,
Allennlp,1c8b1492920de9451730d6cd8e8945ad04740117,1,Fix exception,1,Unstable Code,,,,
Allennlp,724e1b9f5bda6aed035fdea9744729b20bd1f0c2,1,Fix calculation,1,Validation calculation,,,,
Allennlp,c5501c70ba936b057cf3ee2f1e35cdd35169a8a4,1,Fix initialization,1,Configuration debt,,,,
Allennlp,9caac661e1e15510ac7f035965a22a53ac65a482,1,Fix DataType,1,Data type inconsistency,,,,
Allennlp,b7d56ae01708258821ffd1a98e3ee0610b6851e9,1,Fix exception,1,Model code comprehension,,,,
Allennlp,38c87e03adc782db66bb4f19b761a150883f7b48,0,,0,,,,,
Allennlp,7d34ca3b8f723eca603b3a012e9c17da809dc6d2,0,,0,,,,,
Allennlp,a4a43066a1752c866f039506068fdb7e59477f41,0,,0,,,,,
Allennlp,cdbac6dbe473365656dd5db05839235eec518dd2,1,Fix value update,1,Hyper parameter tuning,,,,
Allennlp,3989000e97844bf783caa9301b6902aa2585ab18,0,,0,,,,,
Allennlp,9c21696d060924799fab354321596031857dfff7,0,,0,,,,,
Allennlp,229361c6870cd5c224d122983308d737f9c9da33,1,Fix Model setup,1,Training code update,,,,
Tensor2tensor,bc850acdcedf3ce4cdba9c02bc0eb6a9a7219033,1,Fix functions,1,Monitoring and Testing,,,,
Tensor2tensor,d4c7b92c12f88082aee57f6b55ac5c493921b597,0,,0,,,,,
Tensor2tensor,ab15710674e8eb94b34af95095604291d60fae6d,1,Fix conditionals,1,Hyper parameter tuning,,,,
Tensor2tensor,7d6348e76fa998eff4025f1194f8456c7272e761,1,Fix conditionals,0,,,,,
Tensor2tensor,e399e9f8e2ee93d46985ff6679a1ac5ec72d2c19,1,Fix calculation,1,Data preprocessing,,,,
Tensor2tensor,4bd70656583119b31644d98daea8a21333fdb8ac,1,Fix value update,0,,,,,
Tensor2tensor,f155f5a5deca1e8c0380eabca8223cd6a13d4681,1,Fix Model setup,1,Configuration debt,,,,
Tensor2tensor,8c0736a82e343f7c0cb75ebb2d2aeff57feecaa7,1,Fix Model setup,1,Hyper parameter tuning,,,,
Tensor2tensor,daee057e764f008230cc9b88a61165d62a17891a,1,Fix conditionals,0,,,,,
Tensor2tensor,dc37fde676cd9f9b93d2864d7512833f41ceb51b,0,,0,,,,,
Tensor2tensor,36df324c7bf1b55f06fec2b37eb7b378634aa8a3,1,Fix calculation,1,Unstable Code,,,,
Tensor2tensor,236bf310c0b80490052c3c828bc24d1be5994fb6,1,Fix value update,1,Configuration debt,,,,
Tensor2tensor,ff7b420aa4bdc417d5f54a914b876d65e73057b1,1,Fix value update,1,Configuration debt,,,,
Tensor2tensor,0efa0a6be54ae178a5ec39052c2d7dee6b5b6374,0,,0,,,,,
Tensor2tensor,cd469410f5e3c7c1dd28cf642942b86d7d63d82c,0,,0,,,,,
Tensor2tensor,9b83219ad6479bf30e4223007b1181c00155cc20,1,Fix initialization,1,Configuration debt,,,,
Tensor2tensor,05f02d8942c1f4a48ad5ee54553e446710658ae7,1,Fix initialization,1,Configuration debt,,,,
Tensor2tensor,4fc251b8da7c11dce0fe4b6115e4db16fc183553,1,Fix data processing ,1,Data preprocessing,,,,
Tensor2tensor,0625a4c079b9f1e00ef075402c2789016668e54e,1,Fix conditionals,1,Hyper parameter tuning,,,,
Tensor2tensor,9e7a4d1c7c73b87d661c5102e57ae905eed28363,1,Fix calculation,1,Data preprocessing,,,,
Tensor2tensor,e2ea4529054186c7519c7867d52fca2d7e0e758d,1,Fix functions,0,,,,,
Tensor2tensor,d424626d6ca6bb4ce140100107ee7f95aa17460a,1,Fix Model setup,1,Validation calculation,,,,
Tensor2tensor,213859956b00db43925b54a7ff938fa034885959,1,Fix conditionals,0,,,,,
Tensor2tensor,a877a71af0f0ac63a61f9640ebde52fe219acc53,1,Unnecessary code removal,1,Model Code Styling,,,,
Tensor2tensor,f76ea08833639613287b2c46fa079bf5ef88207e,1,Fix exception,1,Model code comprehension,,,,
Tensor2tensor,702cc9d89fa5abe10fa9ef33168e4df85897b928,1,Fix exception,1,Model code comprehension,,,,
Tensor2tensor,c63127d7a1e24e9f0804df4dad13c2bba3147c6e,1,Fix value update,1,Validation calculation,,,,
Tensor2tensor,bcc430637dd542be944a5b91923854db9898a9df,1,Fix exception,1,Model code comprehension,,,,
Tensor2tensor,73cc26b5b8ab3076d437864bc37bcb5ef0f27194,1,Fix exception,1,Configuration debt,,,,
Tensor2tensor,78acdb4f3b0908bbdf32fea8b98eee5b65641ef9,1,Fix value update,0,,,,,
Tensor2tensor,4fddc0fb6a7a86278cbdf6b38898b171f1f3aa1e,1,Fix value update,0,,,,,
Tensor2tensor,ce56fd9703d4f4fc89c47e81b10f8c275a3da178,1,Fix functions,0,,,,,
Tensor2tensor,8a330d52d1b5c0530fa26e898cfb2a03f3ab859c,1,Fix conditionals,0,,,,,
Tensor2tensor,a2dc14d7366a8b1805aaceacf24b355f94a1f83a,1,Fix functions,0,,,,,
Tensor2tensor,11b34e8f76c81d9a7eb185859e429d432c8f4b0a,1,Fix functions,1,Validation calculation,,,,
Tensor2tensor,80c7ea0635ffd24ea98c3ab44c05a5d5ed291898,1,Fix value update,0,,,,,
Tensor2tensor,0562794cc693dfa92ec598ec7b34d1e5eeda1c68,1,Fix exception,1,Model code comprehension,,,,
Tensor2tensor,bc6a8cf43c2ad7e290da12646eed75ba5b061b6a,0,,0,,,,,
Tensor2tensor,5e19f44fa7cacee0cc27b9a3f0879e338ac81ae1,0,,0,,,,,
Tensor2tensor,1a754af96bfdfd6015c7763374c0d5910a93dbf2,1,Fix DataType,1,Data type inconsistency,,,,
Tensor2tensor,8bc484f139e495721a31e25ccc91ad7f3b761b73,1,Fix functions,0,,,,,
Tensor2tensor,5c8009561c4604be53e27310d0014ce69176c5db,0,,0,,,,,
Tensor2tensor,2e0f5264aa571b1e4a4a4d1db6e8389b4938aa93,1,Fix value update,1,Validation calculation,,,,
Tensor2tensor,5cacecf8207aeef83d60e52b4b47291a973b414a,1,Fix Model setup,1,Configuration debt,,,,
Tensor2tensor,c126e6969a493aff6a7889018833884ab2d011d4,0,,0,,,,,
Tensor2tensor,1d87d013e1d1204995eec65af188e678d4cacf41,0,,0,,,,,
Tensor2tensor,d957bdbbbe246d2a25bdb71760da84f9dfa02e55,1,Fix conditionals,1,Data preprocessing,,,,
Tensor2tensor,a18541a38f2f50550a8ebd95bedbac76ee487776,0,,0,,,,,
Tensor2tensor,8372e5df3ae0ceb65c575daa06034e396151d46d,1,Fix value update,1,Configuration debt,,,,
Tensor2tensor,95aa6092cbc569508e5f51e45c2e29e04cbc1fab,1,Fix data processing ,1,Data preprocessing,,,,
Tensor2tensor,83bb5211deaa4e264a0f5225e4fff4b289390256,1,Fix conditionals,1,Configuration debt,,,,
Ray,63ad2e3340cc7512b41163506d420ba433d4e77c,0,,0,,,,,
Ray,97c43284a67b61125723e65122f7254944cccbc3,1,Fix Model setup,0,,,,,
Ray,9551f2a92ecdb85d38ef1f745945c8d848506131,0,,0,,,,,
Ray,acbe0b4e5f6cff6ce8fe8496d2c225b808dba9b1,0,,0,,,,,
Ray,71243203a408a2dced2644b06ccd45089a6bc12b,1,Fix value update,1,Hyper parameter tuning,,,,
Ray,f8cf4a19856409b7d31007e384cc5cbdf81fe9ee,1,Fix conditionals,0,,,,,
Ray,34fbc7fb4ca188203eb5c8f2292da6e57d06746c,1,Fix exception,1,Unstable Code,,,,
Ray,fa469783d88c511ffa5857d4d58ee5e6e9fefa8d,1,Fix default value,1,Configuration debt,,,,
Ray,964689b280dd63b3192148dbfabf27db45d7e40b,1,Fix functions,0,,,,,
Ray,b2677fabc00ac651bc4a1ecf4c4fe8bf6c3b6bd0,0,,0,,,,,
Ray,ddc8855f41675520b869f6bb045793a309330e30,0,,0,,,,,
Ray,0dae50b5ebd09c1a7427a7edcb8ff60301b79fee,1,Fix Model setup,1,Configuration debt,,,,
Ray,581d63e60763b8d2d291fe1e79fe798eba52844d,1,Fix data processing,1,Data preprocessing,,,,
Ray,866c7a574c632ff0f2f63cde0a6343bf89cbeea1,0,,0,,,,,
Ray,28108c905b2d14940c4aa5b7d5e97af74de421ce,1,Remove duplicate,1,Redundancy debt,,,,
Ray,d6f78f58dc7548217b46565a3dd42cd2e0133e66,1,Fix Model setup,1,Configuration debt,,,,
Ray,ad695a818b0c213f57e2e3dd28794b5915026ce9,1,Fix initialization,1,Configuration debt,,,,
Ray,b3c8091a35d5d02c032b4a6ba5eaeac83299018f,1,Fix value update,1,Configuration debt,,,,
Ray,f1173d55e051467aa0ec4fccc2f7ff3bbe06add0,1,Fix default value,1,Configuration debt,,,,
Ray,4c0e2c3f58f18cccf44c7b3c69474302ecfa44e5,1,Fix DataType,1,Data type inconsistency,,,,
Ray,369773d3e83efabba7b9e7e621148440f14a11e9,1,Fix conditionals,0,,,,,
Ray,24b93b11231fe627c4b4527535ae0c83a99485f8,1,Fix DataType,1,Data type inconsistency,,,,
,,233,,202,,,,,
,,,,,,,,,
,,,,,,,,,
,,,,,,,,,
,,,,,,,,,
,,,,,,,,,
,,,,,,,,,
,,,,,,,,,
,,,,,,,,,
,,,,,,,,,
,,,,,,,,,
,,,,,,,,,
,,,,,,,,,
,,,,,,,,,
,,,,,,,,,
,,,,,,,,,
,,,,,,,,,
,,,,,,,,,
,,,,,,,,,
,,,,,,,,,
,,,,,,,,,
,,,,,,,,,
,,,,,,,,,
,,,,,,,,,
,,,,,,,,,
,,,,,,,,,
,,,,,,,,,
,,,,,,,,,
,,,,,,,,,
,,,,,,,,,
,,,,,,,,,
,,,,,,,,,
,,,,,,,,,
,,,,,,,,,
,,,,,,,,,
,,,,,,,,,
,,,,,,,,,
,,,,,,,,,
,,,,,,,,,
,,,,,,,,,
,,,,,,,,,
,,,,,,,,,
,,,,,,,,,
,,,,,,,,,
,,,,,,,,,
,,,,,,,,,
,,,,,,,,,
,,,,,,,,,
,,,,,,,,,
,,,,,,,,,
,,,,,,,,,
,,,,,,,,,
,,,,,,,,,
,,,,,,,,,
,,,,,,,,,
,,,,,,,,,
,,,,,,,,,
,,,,,,,,,
,,,,,,,,,
,,,,,,,,,
,,,,,,,,,
,,,,,,,,,
,,,,,,,,,
,,,,,,,,,
,,,,,,,,,
,,,,,,,,,
,,,,,,,,,
,,,,,,,,,
,,,,,,,,,
,,,,,,,,,
,,,,,,,,,
,,,,,,,,,
,,,,,,,,,
,,,,,,,,,
,,,,,,,,,
,,,,,,,,,
,,,,,,,,,
,,,,,,,,,
,,,,,,,,,
,,,,,,,,,
,,,,,,,,,
,,,,,,,,,
,,,,,,,,,
,,,,,,,,,
,,,,,,,,,
,,,,,,,,,
,,,,,,,,,
,,,,,,,,,
,,,,,,,,,
,,,,,,,,,
,,,,,,,,,
,,,,,,,,,
,,,,,,,,,
,,,,,,,,,
,,,,,,,,,
,,,,,,,,,
,,,,,,,,,
,,,,,,,,,
,,,,,,,,,
,,,,,,,,,
,,,,,,,,,
,,,,,,,,,
,,,,,,,,,
,,,,,,,,,
,,,,,,,,,
,,,,,,,,,
,,,,,,,,,
,,,,,,,,,
,,,,,,,,,
,,,,,,,,,
,,,,,,,,,
,,,,,,,,,
,,,,,,,,,
,,,,,,,,,
,,,,,,,,,
,,,,,,,,,
,,,,,,,,,
,,,,,,,,,
,,,,,,,,,
,,,,,,,,,
,,,,,,,,,
,,,,,,,,,
,,,,,,,,,
,,,,,,,,,
,,,,,,,,,
,,,,,,,,,
,,,,,,,,,
,,,,,,,,,
,,,,,,,,,
,,,,,,,,,
,,,,,,,,,
,,,,,,,,,
,,,,,,,,,
,,,,,,,,,
,,,,,,,,,
,,,,,,,,,
,,,,,,,,,
,,,,,,,,,
,,,,,,,,,
,,,,,,,,,
,,,,,,,,,
,,,,,,,,,
,,,,,,,,,
,,,,,,,,,
,,,,,,,,,
,,,,,,,,,
,,,,,,,,,
,,,,,,,,,
,,,,,,,,,
,,,,,,,,,
,,,,,,,,,
,,,,,,,,,
,,,,,,,,,
,,,,,,,,,
,,,,,,,,,
,,,,,,,,,
,,,,,,,,,
,,,,,,,,,
,,,,,,,,,
,,,,,,,,,
,,,,,,,,,
,,,,,,,,,
,,,,,,,,,
,,,,,,,,,
,,,,,,,,,
,,,,,,,,,
,,,,,,,,,
,,,,,,,,,
,,,,,,,,,
,,,,,,,,,
,,,,,,,,,
,,,,,,,,,
,,,,,,,,,
,,,,,,,,,
,,,,,,,,,
,,,,,,,,,
,,,,,,,,,
,,,,,,,,,
,,,,,,,,,
,,,,,,,,,
,,,,,,,,,
,,,,,,,,,
,,,,,,,,,
,,,,,,,,,
,,,,,,,,,
,,,,,,,,,
,,,,,,,,,
,,,,,,,,,
,,,,,,,,,
,,,,,,,,,
,,,,,,,,,
,,,,,,,,,
,,,,,,,,,
,,,,,,,,,
,,,,,,,,,
,,,,,,,,,
,,,,,,,,,
,,,,,,,,,
,,,,,,,,,
,,,,,,,,,
,,,,,,,,,
,,,,,,,,,
,,,,,,,,,
,,,,,,,,,
,,,,,,,,,
,,,,,,,,,
,,,,,,,,,
,,,,,,,,,
,,,,,,,,,
,,,,,,,,,
,,,,,,,,,
,,,,,,,,,
,,,,,,,,,
,,,,,,,,,
,,,,,,,,,
,,,,,,,,,
,,,,,,,,,
,,,,,,,,,
,,,,,,,,,
,,,,,,,,,
,,,,,,,,,
,,,,,,,,,
,,,,,,,,,
,,,,,,,,,
,,,,,,,,,
,,,,,,,,,
,,,,,,,,,
,,,,,,,,,
,,,,,,,,,
,,,,,,,,,
,,,,,,,,,
,,,,,,,,,
,,,,,,,,,
,,,,,,,,,
,,,,,,,,,
,,,,,,,,,
,,,,,,,,,
,,,,,,,,,
,,,,,,,,,
,,,,,,,,,
,,,,,,,,,
,,,,,,,,,
,,,,,,,,,
,,,,,,,,,
,,,,,,,,,
,,,,,,,,,
,,,,,,,,,
,,,,,,,,,
,,,,,,,,,
,,,,,,,,,
,,,,,,,,,
,,,,,,,,,
,,,,,,,,,
,,,,,,,,,
,,,,,,,,,
,,,,,,,,,
,,,,,,,,,
,,,,,,,,,
,,,,,,,,,
,,,,,,,,,
,,,,,,,,,
,,,,,,,,,
,,,,,,,,,
,,,,,,,,,
,,,,,,,,,
,,,,,,,,,
,,,,,,,,,
,,,,,,,,,
,,,,,,,,,
,,,,,,,,,
,,,,,,,,,
,,,,,,,,,
,,,,,,,,,
,,,,,,,,,
,,,,,,,,,
,,,,,,,,,
,,,,,,,,,
,,,,,,,,,
,,,,,,,,,
,,,,,,,,,
,,,,,,,,,
,,,,,,,,,
,,,,,,,,,
,,,,,,,,,
,,,,,,,,,
,,,,,,,,,
,,,,,,,,,
,,,,,,,,,
,,,,,,,,,
,,,,,,,,,
,,,,,,,,,
,,,,,,,,,
,,,,,,,,,
,,,,,,,,,
,,,,,,,,,
,,,,,,,,,
,,,,,,,,,
,,,,,,,,,
,,,,,,,,,
,,,,,,,,,
,,,,,,,,,
,,,,,,,,,
,,,,,,,,,
,,,,,,,,,
,,,,,,,,,
,,,,,,,,,
,,,,,,,,,
,,,,,,,,,
,,,,,,,,,
,,,,,,,,,
,,,,,,,,,
,,,,,,,,,
,,,,,,,,,
,,,,,,,,,
,,,,,,,,,
,,,,,,,,,
,,,,,,,,,
,,,,,,,,,
,,,,,,,,,
,,,,,,,,,
,,,,,,,,,
,,,,,,,,,
,,,,,,,,,
,,,,,,,,,
,,,,,,,,,
,,,,,,,,,
,,,,,,,,,
,,,,,,,,,
,,,,,,,,,
,,,,,,,,,
,,,,,,,,,
,,,,,,,,,
,,,,,,,,,
,,,,,,,,,
,,,,,,,,,
,,,,,,,,,
,,,,,,,,,
,,,,,,,,,
,,,,,,,,,
,,,,,,,,,
,,,,,,,,,
,,,,,,,,,
,,,,,,,,,
,,,,,,,,,
,,,,,,,,,
,,,,,,,,,
,,,,,,,,,
,,,,,,,,,
,,,,,,,,,
,17073667abbcc59d0cbdd68f3159a2f61772d16a,,,,,,,,
,,,,,,,,,
,,1,,1,Data processsing debt,,,,